first,last,phone
Gordon,Walton,6899364386
Warren,Conner,6712942180
Cornelia,Moody,3434592036
Evan,Harrington,2612115211
Irene,Rowe,8798126621
Martha,Larson,2406991373
Carrie,Lowe,9415283493
Lura,Ramos,8113736931
Brandon,Yates,7117215965
Sara,King,8859015854
Ina,Mathis,3255691295
Lucile,Walton,4845758468
Viola,Fletcher,3777494704
Etta,Walton,6867061338
Stella,Barnes,4508296236
Terry,McCormick,4635636479
Alex,Taylor,9359747052
Alma,Webster,8537126791
Christian,Clayton,3358749002
Owen,Alvarez,5322337494
Gussie,Franklin,7484942804
Ryan,Park,6045712477
Anne,James,4805071463
Ryan,Doyle,6422142713
Luke,Dean,8505003681
Logan,Manning,8186285144
Steve,Gonzalez,9887424730
Nancy,Richardson,9864782932
Alex,Olson,8716926675
Stephen,Daniels,6555485152
Mabelle,Rose,6718157752
Celia,Wells,5358416649
Estella,Reyes,2228119447
Annie,Owens,5088379905
Kevin,Saunders,4448737993
Marguerite,Grant,5868439973
Eula,Cain,8548394332
Jimmy,Shelton,2619257585
Manuel,Allison,9783357179
Harriet,Aguilar,7736675752
James,Gardner,8026548505
Ronnie,Washington,8579793312
Irene,Lindsey,9016962467
Georgia,Morris,9827566039
Marion,Abbott,6457171620
Betty,Norman,4808054478
Ruby,Mitchell,2494011908
Viola,McLaughlin,5455408597
Cody,Butler,6735008652
Katie,Griffith,4653721616
Franklin,Walker,8499637981
Michael,Mills,9124134850
Celia,Strickland,2328003242
Barbara,McDaniel,4017258309
Lida,Barker,6602372984
Gavin,Nguyen,7692197622
Sue,Thomas,9103448008
Hilda,Walsh,3734514569
Keith,Graves,8303976411
Ophelia,Andrews,6755719565
Nelle,Sharp,3022495305
Clifford,Lawrence,3284427062
Mittie,Brooks,9744913243
Wesley,Freeman,9766453543
Alfred,Miles,2377233808
Hulda,Curry,9868314560
Juan,Tate,9443408101
Alberta,Stanley,5256651444
Paul,Vega,3645438387
Derek,Aguilar,7894489316
May,Meyer,9629672923
Jerome,Singleton,8188525150
Allen,Perkins,3014091549
Leo,Colon,4558033923
Stephen,Moody,8878187578
Darrell,Rice,5799075101
Jay,Santiago,3537708464
Russell,Davis,9519974434
Cole,Phillips,7497991388
Corey,McKenzie,5652234504
Joshua,Potter,5548871756
Minerva,Lucas,9105519857
Shane,Wise,8239389970
Dustin,Hubbard,4385339434
Nell,Peters,6517635841
Celia,Hubbard,3148542491
Caroline,Oliver,2237076997
Mary,Cain,8753384254
Clara,Lopez,5017256161
Richard,Hicks,8864561162
Sue,Phelps,6153424414
Effie,Fitzgerald,3188476570
Estelle,Hampton,6846566847
Juan,Zimmerman,5888371300
Jayden,Gomez,4815295169
Bernice,James,8788442574
Pauline,Perry,4639234593
Julian,Byrd,8405756102
Jackson,Houston,4407346191
Jean,Thomas,7316624405
